{
  "VehicleDesign": 
  [
    {
      "ColliderRadius": 1.000000,
      "MainJet": {
        "EularAngles": 
        [
          -90.000000,
          0.000000,
          0.000000
        ],
        "Position": 
        [
          3.000000,
          0.000000,
          -11.940000
        ],
        "Scale": 
        [
          1.500000,
          5.000000,
          1.500000
        ]
      },
      "Offset": 
      [
        0.000000,
        1.000000,
        -1.000000
      ],
      "Transform": {
        "EularAngles": 
        [
          0.000000,
          0.000000,
          0.000000
        ],
        "Position": 
        [
          0.000000,
          -0.200000,
          -0.800000
        ],
        "Scale": 
        [
          0.300000,
          0.300000,
          0.300000
        ]
      }
    },
    {
      "ColliderRadius": 3.300000,
      "MainJet": {
        "EularAngles": 
        [
          -90.000000,
          0.000000,
          0.000000
        ],
        "Position": 
        [
          -0.800000,
          -0.730000,
          -7.860000
        ],
        "Scale": 
        [
          0.200000,
          1.000000,
          0.200000
        ]
      },
      "Offset": 
      [
        0.000000,
        1.600000,
        -0.600000
      ],
      "Transform": {
        "EularAngles": 
        [
          0.000000,
          0.000000,
          0.000000
        ],
        "Position": 
        [
          0.000000,
          -1.650000,
          0.970000
        ],
        "Scale": 
        [
          2.000000,
          2.000000,
          2.000000
        ]
      }
    },
    {
      "ColliderRadius": 5.000000,
      "MainJet": {
        "EularAngles": 
        [
          -90.000000,
          0.000000,
          0.000000
        ],
        "Position": 
        [
          0.000000,
          0.000000,
          -13.200000
        ],
        "Scale": 
        [
          0.800000,
          5.000000,
          0.800000
        ]
      },
      "Offset": 
      [
        0.000000,
        5.000000,
        -1.100000
      ],
      "Transform": {
        "EularAngles": 
        [
          0.000000,
          0.000000,
          0.000000
        ],
        "Position": 
        [
          0.000000,
          -6.260000,
          1.610000
        ],
        "Scale": 
        [
          4.000000,
          4.000000,
          4.000000
        ]
      }
    },
    {
      "ColliderRadius": 10.000000,
      "MainJet": {
        "EularAngles": 
        [
          -90.000000,
          0.000000,
          0.000000
        ],
        "Position": 
        [
          -5.500000,
          -0.650000,
          -14.000000
        ],
        "Scale": 
        [
          1.500000,
          5.000000,
          1.500000
        ]
      },
      "Offset": 
      [
        0.000000,
        4.200000,
        1.500000
      ],
      "Transform": {
        "EularAngles": 
        [
          0.000000,
          0.000000,
          0.000000
        ],
        "Position": 
        [
          0.000000,
          -2.800000,
          2.400000
        ],
        "Scale": 
        [
          3.500000,
          3.500000,
          3.500000
        ]
      }
    }
  ]
}