{
  "VehicleDesign": 
  [
    {
      "ColliderRadius": 1.000000,
      "MainJet": {
        "EularAngles": 
        [
          -90.000000,
          0.000000,
          0.000000
        ],
        "Position": 
        [
          3.000000,
          0.000000,
          -11.940000
        ],
        "Scale": 
        [
          1.500000,
          5.000000,
          1.500000
        ]
      },
      "Offset": 
      [
        0.000000,
        1.000000,
        -1.000000
      ],
      "Transform": {
        "EularAngles": 
        [
          0.000000,
          0.000000,
          0.000000
        ],
        "Position": 
        [
          0.000000,
          -0.200000,
          -0.800000
        ],
        "Scale": 
        [
          0.300000,
          0.300000,
          0.300000
        ]
      }
    },
    {
      "ColliderRadius": 1.000000,
      "MainJet": {
        "EularAngles": 
        [
          0.000000,
          0.000000,
          0.000000
        ],
        "Position": 
        [
          0.000000,
          0.000000,
          0.000000
        ],
        "Scale": 
        [
          1.000000,
          1.000000,
          1.000000
        ]
      },
      "Offset": 
      [
        0.000000,
        0.000000,
        0.000000
      ],
      "Transform": {
        "EularAngles": 
        [
          0.000000,
          0.000000,
          0.000000
        ],
        "Position": 
        [
          0.000000,
          0.000000,
          0.000000
        ],
        "Scale": 
        [
          1.000000,
          1.000000,
          1.000000
        ]
      }
    },
    {
      "ColliderRadius": 1.000000,
      "MainJet": {
        "EularAngles": 
        [
          0.000000,
          0.000000,
          0.000000
        ],
        "Position": 
        [
          0.000000,
          0.000000,
          0.000000
        ],
        "Scale": 
        [
          1.000000,
          1.000000,
          1.000000
        ]
      },
      "Offset": 
      [
        0.000000,
        0.000000,
        0.000000
      ],
      "Transform": {
        "EularAngles": 
        [
          0.000000,
          0.000000,
          0.000000
        ],
        "Position": 
        [
          0.000000,
          0.000000,
          0.000000
        ],
        "Scale": 
        [
          1.000000,
          1.000000,
          1.000000
        ]
      }
    },
    {
      "ColliderRadius": 10.000000,
      "MainJet": {
        "EularAngles": 
        [
          -90.000000,
          0.000000,
          0.000000
        ],
        "Position": 
        [
          -5.500000,
          -0.650000,
          -9.000000
        ],
        "Scale": 
        [
          1.500000,
          2.500000,
          1.500000
        ]
      },
      "Offset": 
      [
        0.000000,
        4.200000,
        1.500000
      ],
      "Transform": {
        "EularAngles": 
        [
          0.000000,
          0.000000,
          0.000000
        ],
        "Position": 
        [
          0.000000,
          -2.800000,
          2.400000
        ],
        "Scale": 
        [
          2.500000,
          2.500000,
          2.500000
        ]
      }
    }
  ]
}