{
  "HpGauge": {
    "animal_icon": {
      "Anchor": 0,
      "Scale": 0.270000,
      "X": 0.000000,
      "Y": 0.062000
    },
    "animal_icon_frame": {
      "Anchor": 0,
      "Scale": 0.000000,
      "X": 0.019000,
      "Y": -0.027000
    },
    "gauge": {
      "Anchor": 4,
      "Height": 0.030000,
      "Width": 0.500000,
      "X": 0.000000,
      "Y": 0.000000
    },
    "gauge_frame": {
      "Anchor": 3,
      "Height": 0.050000,
      "Width": 0.510000,
      "X": 0.088000,
      "Y": -0.042000
    },
    "rank": {
      "Anchor": 2,
      "Scale": 0.300000,
      "X": -0.008000,
      "Y": 0.004000
    },
    "score": {
      "Anchor": 6,
      "Height": 0.100000,
      "Width": 0.320000,
      "X": 0.038000,
      "Y": 0.062000
    },
    "vehicle_icon": {
      "Anchor": 4,
      "Scale": 0.300000,
      "X": 0.000000,
      "Y": 0.000000
    },
    "vehicle_icon_frame": {
      "Anchor": 8,
      "Scale": 0.180000,
      "X": -0.042000,
      "Y": 0.054000
    }
  }
}